ref_formation,lib_obj
Gestion d'equipe,Gerer une equipe
Gestion d'equipe,Calculs de Compatibilite
Gestion d'equipe,Apprendre a metriser WordPress
Les CMS,Gerer une equipe
Les CMS,Calculs de Compatibilite
Les CMS,Apprendre a metriser WordPress
Les CMS,Apprendre a Communiquer
Les CMS,Apprendre la selection CSS
Comptabilite d'une entreprise,Gerer une equipe
Comptabilite d'une entreprise,Calculs de Compatibilite
Comptabilite d'une entreprise,Apprendre a Communiquer
Conseils Relationnels,Gerer une equipe
Conseils Relationnels,Calculs de Compatibilite
Conseils Relationnels,Apprendre a metriser WordPress
Conseils Relationnels,Apprendre a Communiquer
Conseils Relationnels,Apprendre la selection CSS
Production de documentation,Gerer une equipe
Production de documentation,Calculs de Compatibilite
Production de documentation,Apprendre a metriser WordPress
Production de documentation,Apprendre a Communiquer
Gestion d'emploi du temps,Calculs de Compatibilite
Gestion d'emploi du temps,Apprendre a Communiquer
Gestion d'emploi du temps,Apprendre la selection CSS
Gestion d'emploi du temps,Creuser un trou
Les Frameworks JavaScript,Gerer une equipe
Les Frameworks JavaScript,Apprendre la selection CSS
Les Frameworks JavaScript,Apprendre a metriser WordPress
Les Frameworks JavaScript,Apprendre a Communiquer
Les Frameworks JavaScript,
Les Frameworks PHP,Gerer une equipe
Les Frameworks PHP,Calculs de Compatibilite
Les Frameworks PHP,Apprendre a Communiquer
Les Frameworks PHP,Apprendre la selection CSS
Les Frameworks PHP,Creuser un trou
Les bases HTML,Gerer une equipe
Les bases HTML,Apprendre la selection CSS
Les bases HTML,Apprendre a metriser WordPress
Les bases HTML,Apprendre a Communiquer
Les bases HTML,Creuser un trou
Styliser d'un site web,Gerer une equipe
Styliser d'un site web,Calculs de Compatibilite
Styliser d'un site web,Apprendre a metriser WordPress
Styliser d'un site web,Apprendre la selection CSS
Apprendre à cuisiner des pates,Gerer une equipe
Apprendre la couture,Gerer une equipe
Apprendre le jardinage,Gerer une equipe
Apprendre le jardinage,Calculs de Compatibilite
C#,Gerer une equipe
C#,Calculs de Compatibilite
C#,Apprendre a metriser WordPress
C#,Apprendre a Communiquer
WebDesign,Gerer une equipe
WebDesign,Apprendre a Communiquer
WebDesign,Apprendre a metriser WordPress
WebDesign,Apprendre la selection CSS
WebDesign,Creuser un trou